nation_wide_number:number,name,type1,type2
1,フシギダネ,くさ,どく
2,フシギソウ,くさ,どく
3,フシギバナ,くさ,どく
4,ヒトカゲ,ほのお,
5,リザード,ほのお,
6,リザードン,ほのお,ひこう
7,ゼニガメ,みず,
8,カメール,みず,
9,カメックス,みず,
10,キャタピー,むし,
11,トランセル,むし,
12,バタフリー,むし,ひこう
13,ビードル,むし,どく
14,コクーン,むし,どく
15,スピアー,むし,どく
16,ポッポ,ノーマル,ひこう
17,ピジョン,ノーマル,ひこう
18,ピジョット,ノーマル,ひこう
19,コラッタ,ノーマル,
20,ラッタ,ノーマル,
21,オニスズメ,ノーマル,ひこう
22,オニドリル,ノーマル,ひこう
23,アーボ,どく,
24,アーボック,どく,
25,ピカチュウ,でんき,
26,ライチュウ,でんき,
27,サンド,じめん,
28,サンドパン,じめん,
29,ニドラン♀,どく,
30,ニドリーナ,どく,
31,ニドクイン,どく,じめん
32,ニドラン♂,どく,
33,ニドリーノ,どく,
34,ニドキング,どく,じめん
35,ピッピ,フェアリー,
36,ピクシー,フェアリー,
37,ロコン,ほのお,
38,キュウコン,ほのお,
39,プリン,ノーマル,フェアリー
40,プクリン,ノーマル,フェアリー
41,ズバット,どく,ひこう
42,ゴルバット,どく,ひこう
43,ナゾノクサ,くさ,どく
44,クサイハナ,くさ,どく
45,ラフレシア,くさ,どく
46,パラス,むし,くさ
47,パラセクト,むし,くさ
48,コンパン,むし,どく
49,モルフォン,むし,どく
50,ディグダ,じめん,
51,ダグトリオ,じめん,
52,ニャース,ノーマル,
53,ペルシアン,ノーマル,
54,コダック,みず,
55,ゴルダック,みず,
56,マンキー,かくとう,
57,オコリザル,かくとう,
58,ガーディ,ほのお,
59,ウインディ,ほのお,
60,ニョロモ,みず,
61,ニョロゾ,みず,
62,ニョロボン,みず,かくとう
63,ケーシィ,エスパー,
64,ユンゲラー,エスパー,
65,フーディン,エスパー,
66,ワンリキー,かくとう,
67,ゴーリキー,かくとう,
68,カイリキー,かくとう,
69,マダツボミ,くさ,どく
70,ウツドン,くさ,どく
71,ウツボット,くさ,どく
72,メノクラゲ,みず,どく
73,ドククラゲ,みず,どく
74,イシツブテ,いわ,じめん
75,ゴローン,いわ,じめん
76,ゴローニャ,いわ,じめん
77,ポニータ,ほのお,
78,ギャロップ,ほのお,
79,ヤドン,みず,エスパー
80,ヤドラン,みず,エスパー
81,コイル,でんき,はがね
82,レアコイル,でんき,はがね
83,カモネギ,ノーマル,ひこう
84,ドードー,ノーマル,ひこう
85,ドードリオ,ノーマル,ひこう
86,パウワウ,みず,
87,ジュゴン,みず,こおり
88,ベトベター,どく,
89,ベトベトン,どく,
90,シェルダー,みず,
91,パルシェン,みず,こおり
92,ゴース,ゴースト,どく
93,ゴースト,ゴースト,どく
94,ゲンガー,ゴースト,どく
95,イワーク,いわ,じめん
96,スリープ,エスパー,
97,スリーパー,エスパー,
98,クラブ,みず,
99,キングラー,みず,
100,ビリリダマ,でんき,
101,マルマイン,でんき,
102,タマタマ,くさ,エスパー
103,ナッシー,くさ,エスパー
104,カラカラ,じめん,
105,ガラガラ,じめん,
106,サワムラー,かくとう,
107,エビワラー,かくとう,
108,ベロリンガ,ノーマル,
109,ドガース,どく,
110,マタドガス,どく,
111,サイホーン,じめん,いわ
112,サイドン,じめん,いわ
113,ラッキー,ノーマル,
114,モンジャラ,くさ,
115,ガルーラ,ノーマル,
116,タッツー,みず,
117,シードラ,みず,
118,トサキント,みず,
119,アズマオウ,みず,
120,ヒトデマン,みず,
121,スターミー,みず,エスパー
122,バリヤード,エスパー,フェアリー
123,ストライク,むし,ひこう
124,ルージュラ,こおり,エスパー
125,エレブー,でんき,
126,ブーバー,ほのお,
127,カイロス,むし,
128,ケンタロス,ノーマル,
129,コイキング,みず,
130,ギャラドス,みず,ひこう
131,ラプラス,みず,こおり
132,メタモン,ノーマル,
133,イーブイ,ノーマル,
134,シャワーズ,みず,
135,サンダース,でんき,
136,ブースター,ほのお,
137,ポリゴン,ノーマル,
138,オムナイト,いわ,みず
139,オムスター,いわ,みず
140,カブト,いわ,みず
141,カブトプス,いわ,みず
142,プテラ,いわ,ひこう
143,カビゴン,ノーマル,
144,フリーザー,こおり,ひこう
145,サンダー,でんき,ひこう
146,ファイヤー,ほのお,ひこう
147,ミニリュウ,ドラゴン,
148,ハクリュー,ドラゴン,
149,カイリュー,ドラゴン,ひこう
150,ミュウツー,エスパー,
151,ミュウ,エスパー,
152,チコリータ,くさ,
153,ベイリーフ,くさ,
154,メガニウム,くさ,
155,ヒノアラシ,ほのお,
156,マグマラシ,ほのお,
157,バクフーン,ほのお,
158,ワニノコ,みず,
159,アリゲイツ,みず,
160,オーダイル,みず,
161,オタチ,ノーマル,
162,オオタチ,ノーマル,
163,ホーホー,ノーマル,ひこう
164,ヨルノズク,ノーマル,ひこう
165,レディバ,むし,ひこう
166,レディアン,むし,ひこう
167,イトマル,むし,どく
168,アリアドス,むし,どく
169,クロバット,どく,ひこう
170,チョンチー,みず,でんき
171,ランターン,みず,でんき
172,ピチュー,でんき,
173,ピィ,フェアリー,
174,ププリン,ノーマル,フェアリー
175,トゲピー,フェアリー,
176,トゲチック,フェアリー,ひこう
177,ネイティ,エスパー,ひこう
178,ネイティオ,エスパー,ひこう
179,メリープ,でんき,
180,モココ,でんき,
181,デンリュウ,でんき,
182,キレイハナ,くさ,
183,マリル,みず,フェアリー
184,マリルリ,みず,フェアリー
185,ウソッキー,いわ,
186,ニョロトノ,みず,
187,ハネッコ,くさ,ひこう
188,ポポッコ,くさ,ひこう
189,ワタッコ,くさ,ひこう
190,エイパム,ノーマル,
191,ヒマナッツ,くさ,
192,キマワリ,くさ,
193,ヤンヤンマ,むし,ひこう
194,ウパー,みず,じめん
195,ヌオー,みず,じめん
196,エーフィ,エスパー,
197,ブラッキー,あく,
198,ヤミカラス,あく,ひこう
199,ヤドキング,みず,エスパー
200,ムウマ,ゴースト,
201,アンノーン,エスパー,
202,ソーナンス,エスパー,
203,キリンリキ,ノーマル,エスパー
204,クヌギダマ,むし,
205,フォレトス,むし,はがね
206,ノコッチ,ノーマル,
207,グライガー,じめん,ひこう
208,ハガネール,はがね,じめん
209,ブルー,フェアリー,
210,グランブル,フェアリー,
211,ハリーセン,みず,どく
212,ハッサム,むし,はがね
213,ツボツボ,むし,いわ
214,ヘラクロス,むし,かくとう
215,ニューラ,あく,こおり
216,ヒメグマ,ノーマル,
217,リングマ,ノーマル,
218,マグマッグ,ほのお,
219,マグカルゴ,ほのお,いわ
220,ウリムー,こおり,じめん
221,イノムー,こおり,じめん
222,サニーゴ,みず,いわ
223,テッポウオ,みず,
224,オクタン,みず,
225,デリバード,こおり,ひこう
226,マンタイン,みず,ひこう
227,エアームド,はがね,ひこう
228,デルビル,あく,ほのお
229,ヘルガー,あく,ほのお
230,キングドラ,みず,ドラゴン
231,ゴマゾウ,じめん,
232,ドンファン,じめん,
233,ポリゴン2,ノーマル,
234,オドシシ,ノーマル,
235,ドーブル,ノーマル,
236,バルキー,かくとう,
237,カポエラー,かくとう,
238,ムチュール,こおり,エスパー
239,エレキッド,でんき,
240,ブビィ,ほのお,
241,ミルタンク,ノーマル,
242,ハピナス,ノーマル,
243,ライコウ,でんき,
244,エンテイ,ほのお,
245,スイクン,みず,
246,ヨーギラス,いわ,じめん
247,サナギラス,いわ,じめん
248,バンギラス,いわ,あく
249,ルギア,エスパー,ひこう
250,ホウオウ,ほのお,ひこう
251,セレビィ,エスパー,くさ
252,キモリ,くさ,
253,ジュプトル,くさ,
254,ジュカイン,くさ,
255,アチャモ,ほのお,
256,ワカシャモ,ほのお,かくとう
257,バシャーモ,ほのお,かくとう
258,ミズゴロウ,みず,
259,ヌマクロー,みず,じめん
260,ラグラージ,みず,じめん
261,ポチエナ,あく,
262,グラエナ,あく,
263,ジグザグマ,ノーマル,
264,マッスグマ,ノーマル,
265,ケムッソ,むし,
266,カラサリス,むし,
267,アゲハント,むし,ひこう
268,マユルド,むし,
269,ドクケイル,むし,どく
270,ハスボー,みず,くさ
271,ハスブレロ,みず,くさ
272,ルンパッパ,みず,くさ
273,タネボー,くさ,
274,コノハナ,くさ,あく
275,ダーテング,くさ,あく
276,スバメ,ノーマル,ひこう
277,オオスバメ,ノーマル,ひこう
278,キャモメ,みず,ひこう
279,ペリッパー,みず,ひこう
280,ラルトス,エスパー,フェアリー
281,キルリア,エスパー,フェアリー
282,サーナイト,エスパー,フェアリー
283,アメタマ,むし,みず
284,アメモース,むし,ひこう
285,キノココ,くさ,
286,キノガッサ,くさ,かくとう
287,ナマケロ,ノーマル,
288,ヤルキモノ,ノーマル,
289,ケッキング,ノーマル,
290,ツチニン,むし,じめん
291,テッカニン,むし,ひこう
292,ヌケニン,むし,ゴースト
293,ゴニョニョ,ノーマル,
294,ドゴーム,ノーマル,
295,バクオング,ノーマル,
296,マクノシタ,かくとう,
297,ハリテヤマ,かくとう,
298,ルリリ,ノーマル,フェアリー
299,ノズパス,いわ,
300,エネコ,ノーマル,
301,エネコロロ,ノーマル,
302,ヤミラミ,あく,ゴースト
303,クチート,はがね,フェアリー
304,ココドラ,はがね,いわ
305,コドラ,はがね,いわ
306,ボスゴドラ,はがね,いわ
307,アサナン,かくとう,エスパー
308,チャーレム,かくとう,エスパー
309,ラクライ,でんき,
310,ライボルト,でんき,
311,プラスル,でんき,
312,マイナン,でんき,
313,バルビート,むし,
314,イルミーゼ,むし,
315,ロゼリア,くさ,どく
316,ゴクリン,どく,
317,マルノーム,どく,
318,キバニア,みず,あく
319,サメハダー,みず,あく
320,ホエルコ,みず,
321,ホエルオー,みず,
322,ドンメル,ほのお,じめん
323,バクーダ,ほのお,じめん
324,コータス,ほのお,
325,バネブー,エスパー,
326,ブーピッグ,エスパー,
327,パッチール,ノーマル,
328,ナックラー,じめん,
329,ビブラーバ,じめん,ドラゴン
330,フライゴン,じめん,ドラゴン
331,サボネア,くさ,
332,ノクタス,くさ,あく
333,チルット,ノーマル,ひこう
334,チルタリス,ドラゴン,ひこう
335,ザングース,ノーマル,
336,ハブネーク,どく,
337,ルナトーン,いわ,エスパー
338,ソルロック,いわ,エスパー
339,ドジョッチ,みず,じめん
340,ナマズン,みず,じめん
341,ヘイガニ,みず,
342,シザリガー,みず,あく
343,ヤジロン,じめん,エスパー
344,ネンドール,じめん,エスパー
345,リリーラ,いわ,くさ
346,ユレイドル,いわ,くさ
347,アノプス,いわ,むし
348,アーマルド,いわ,むし
349,ヒンバス,みず,
350,ミロカロス,みず,
351,ポワルン,,
352,カクレオン,ノーマル,
353,カゲボウズ,ゴースト,
354,ジュペッタ,ゴースト,
355,ヨマワル,ゴースト,
356,サマヨール,ゴースト,
357,トロピウス,くさ,ひこう
358,チリーン,エスパー,
359,アブソル,あく,
360,ソーナノ,エスパー,
361,ユキワラシ,こおり,
362,オニゴーリ,こおり,
363,タマザラシ,こおり,みず
364,トドグラー,こおり,みず
365,トドゼルガ,こおり,みず
366,パールル,みず,
367,ハンテール,みず,
368,サクラビス,みず,
369,ジーランス,みず,いわ
370,ラブカス,みず,
371,タツベイ,ドラゴン,
372,コモルー,ドラゴン,
373,ボーマンダ,ドラゴン,ひこう
374,ダンバル,はがね,エスパー
375,メタング,はがね,エスパー
376,メタグロス,はがね,エスパー
377,レジロック,いわ,
378,レジアイス,こおり,
379,レジスチル,はがね,
380,ラティアス,ドラゴン,エスパー
381,ラティオス,ドラゴン,エスパー
382,カイオーガ,みず,
383,グラードン,じめん,
384,レックウザ,ドラゴン,ひこう
385,ジラーチ,はがね,エスパー
386,デオキシス,エスパー,
387,ナエトル,くさ,
388,ハヤシガメ,くさ,
389,ドダイトス,くさ,じめん
390,ヒコザル,ほのお,
391,モウカザル,ほのお,かくとう
392,ゴウカザル,ほのお,かくとう
393,ポッチャマ,みず,
394,ポッタイシ,みず,
395,エンペルト,みず,はがね
396,ムックル,ノーマル,ひこう
397,ムクバード,ノーマル,ひこう
398,ムクホーク,ノーマル,ひこう
399,ビッパ,ノーマル,
400,ビーダル,ノーマル,みず
401,コロボーシ,むし,
402,コロトック,むし,
403,コリンク,でんき,
404,ルクシオ,でんき,
405,レントラー,でんき,
406,スボミー,くさ,どく
407,ロズレイド,くさ,どく
408,ズガイドス,いわ,
409,ラムパルド,いわ,
410,タテトプス,いわ,はがね
411,トリデプス,いわ,はがね
412,ミノムッチ,むし,
413,ミノマダム,,
414,ガーメイル,むし,ひこう
415,ミツハニー,むし,ひこう
416,ビークイン,むし,ひこう
417,パチリス,でんき,
418,ブイゼル,みず,
419,フローゼル,みず,
420,チェリンボ,くさ,
421,チェリム,くさ,
422,カラナクシ,みず,
423,トリトドン,みず,じめん
424,エテボース,ノーマル,
425,フワンテ,ゴースト,ひこう
426,フワライド,ゴースト,ひこう
427,ミミロル,ノーマル,
428,ミミロップ,ノーマル,
429,ムウマージ,ゴースト,
430,ドンカラス,あく,ひこう
431,ニャルマー,ノーマル,
432,ブニャット,ノーマル,
433,リーシャン,エスパー,
434,スカンプー,どく,あく
435,スカタンク,どく,あく
436,ドーミラー,はがね,エスパー
437,ドータクン,はがね,エスパー
438,ウソハチ,いわ,
439,マネネ,エスパー,フェアリー
440,ピンプク,ノーマル,
441,ペラップ,ノーマル,ひこう
442,ミカルゲ,ゴースト,あく
443,フカマル,ドラゴン,じめん
444,ガバイト,ドラゴン,じめん
445,ガブリアス,ドラゴン,じめん
446,ゴンベ,ノーマル,
447,リオル,かくとう,
448,ルカリオ,かくとう,はがね
449,ヒポポタス,じめん,
450,カバルドン,じめん,
451,スコルピ,どく,むし
452,ドラピオン,どく,あく
453,グレッグル,どく,かくとう
454,ドクロッグ,どく,かくとう
455,マスキッパ,くさ,
456,ケイコウオ,みず,
457,ネオラント,みず,
458,タマンタ,みず,ひこう
459,ユキカブリ,くさ,こおり
460,ユキノオー,くさ,こおり
461,マニューラ,あく,こおり
462,ジバコイル,でんき,はがね
463,ベロベルト,ノーマル,
464,ドサイドン,じめん,いわ
465,モジャンボ,くさ,
466,エレキブル,でんき,
467,ブーバーン,ほのお,
468,トゲキッス,フェアリー,ひこう
469,メガヤンマ,むし,ひこう
470,リーフィア,くさ,
471,グレイシア,こおり,
472,グライオン,じめん,ひこう
473,マンムー,こおり,じめん
474,ポリゴンZ,ノーマル,
475,エルレイド,エスパー,かくとう
476,ダイノーズ,いわ,はがね
477,ヨノワール,ゴースト,
478,ユキメノコ,こおり,ゴースト
479,ロトム,,
480,ユクシー,エスパー,
481,エムリット,エスパー,
482,アグノム,エスパー,
483,ディアルガ,はがね,ドラゴン
484,パルキア,みず,ドラゴン
485,ヒードラン,ほのお,はがね
486,レジギガス,ノーマル,
487,ギラティナ,ゴースト,ドラゴン
488,クレセリア,エスパー,
489,フィオネ,みず,
490,マナフィ,みず,
491,ダークライ,あく,
492,シェイミ,,
493,アルセウス,ノーマル,
494,ビクティニ,エスパー,ほのお
495,ツタージャ,くさ,
496,ジャノビー,くさ,
497,ジャローダ,くさ,
498,ポカブ,ほのお,
499,チャオブー,ほのお,かくとう
500,エンブオー,ほのお,かくとう
501,ミジュマル,みず,
502,フタチマル,みず,
503,ダイケンキ,みず,
504,ミネズミ,ノーマル,
505,ミルホッグ,ノーマル,
506,ヨーテリー,ノーマル,
507,ハーデリア,ノーマル,
508,ムーランド,ノーマル,
509,チョロネコ,あく,
510,レパルダス,あく,
511,ヤナップ,くさ,
512,ヤナッキー,くさ,
513,バオップ,ほのお,
514,バオッキー,ほのお,
515,ヒヤップ,みず,
516,ヒヤッキー,みず,
517,ムンナ,エスパー,
518,ムシャーナ,エスパー,
519,マメパト,ノーマル,ひこう
520,ハトーボー,ノーマル,ひこう
521,ケンホロウ,ノーマル,ひこう
522,シママ,でんき,
523,ゼブライカ,でんき,
524,ダンゴロ,いわ,
525,ガントル,いわ,
526,ギガイアス,いわ,
527,コロモリ,エスパー,ひこう
528,ココロモリ,エスパー,ひこう
529,モグリュー,じめん,
530,ドリュウズ,じめん,はがね
531,タブンネ,ノーマル,
532,ドッコラー,かくとう,
533,ドテッコツ,かくとう,
534,ローブシン,かくとう,
535,オタマロ,みず,
536,ガマガル,みず,じめん
537,ガマゲロゲ,みず,じめん
538,ナゲキ,かくとう,
539,ダゲキ,かくとう,
540,クルミル,むし,くさ
541,クルマユ,むし,くさ
542,ハハコモリ,むし,くさ
543,フシデ,むし,どく
544,ホイーガ,むし,どく
545,ペンドラー,むし,どく
546,モンメン,くさ,フェアリー
547,エルフーン,くさ,フェアリー
548,チュリネ,くさ,
549,ドレディア,くさ,
550,バスラオ,みず,
551,メグロコ,じめん,あく
552,ワルビル,じめん,あく
553,ワルビアル,じめん,あく
554,ダルマッカ,ほのお,
555,ヒヒダルマ,,
556,マラカッチ,くさ,
557,イシズマイ,むし,いわ
558,イワパレス,むし,いわ
559,ズルッグ,あく,かくとう
560,ズルズキン,あく,かくとう
561,シンボラー,エスパー,ひこう
562,デスマス,ゴースト,
563,デスカーン,ゴースト,
564,プロトーガ,みず,いわ
565,アバゴーラ,みず,いわ
566,アーケン,いわ,ひこう
567,アーケオス,いわ,ひこう
568,ヤブクロン,どく,
569,ダストダス,どく,
570,ゾロア,あく,
571,ゾロアーク,あく,
572,チラーミィ,ノーマル,
573,チラチーノ,ノーマル,
574,ゴチム,エスパー,
575,ゴチミル,エスパー,
576,ゴチルゼル,エスパー,
577,ユニラン,エスパー,
578,ダブラン,エスパー,
579,ランクルス,エスパー,
580,コアルヒー,みず,ひこう
581,スワンナ,みず,ひこう
582,バニプッチ,こおり,
583,バニリッチ,こおり,
584,バイバニラ,こおり,
585,シキジカ,ノーマル,くさ
586,メブキジカ,ノーマル,くさ
587,エモンガ,でんき,ひこう
588,カブルモ,むし,
589,シュバルゴ,むし,はがね
590,タマゲタケ,くさ,どく
591,モロバレル,くさ,どく
592,プルリル,みず,ゴースト
593,ブルンゲル,みず,ゴースト
594,ママンボウ,みず,
595,バチュル,むし,でんき
596,デンチュラ,むし,でんき
597,テッシード,くさ,はがね
598,ナットレイ,くさ,はがね
599,ギアル,はがね,
600,ギギアル,はがね,
601,ギギギアル,はがね,
602,シビシラス,でんき,
603,シビビール,でんき,
604,シビルドン,でんき,
605,リグレー,エスパー,
606,オーベム,エスパー,
607,ヒトモシ,ゴースト,ほのお
608,ランプラー,ゴースト,ほのお
609,シャンデラ,ゴースト,ほのお
610,キバゴ,ドラゴン,
611,オノンド,ドラゴン,
612,オノノクス,ドラゴン,
613,クマシュン,こおり,
614,ツンベアー,こおり,
615,フリージオ,こおり,
616,チョボマキ,むし,
617,アギルダー,むし,
618,マッギョ,じめん,でんき
619,コジョフー,かくとう,
620,コジョンド,かくとう,
621,クリムガン,ドラゴン,
622,ゴビット,じめん,ゴースト
623,ゴルーグ,じめん,ゴースト
624,コマタナ,あく,はがね
625,キリキザン,あく,はがね
626,バッフロン,ノーマル,
627,ワシボン,ノーマル,ひこう
628,ウォーグル,ノーマル,ひこう
629,バルチャイ,あく,ひこう
630,バルジーナ,あく,ひこう
631,クイタラン,ほのお,
632,アイアント,むし,はがね
633,モノズ,あく,ドラゴン
634,ジヘッド,あく,ドラゴン
635,サザンドラ,あく,ドラゴン
636,メラルバ,むし,ほのお
637,ウルガモス,むし,ほのお
638,コバルオン,はがね,かくとう
639,テラキオン,いわ,かくとう
640,ビリジオン,くさ,かくとう
641,トルネロス,ひこう,
642,ボルトロス,でんき,ひこう
643,レシラム,ドラゴン,ほのお
644,ゼクロム,ドラゴン,でんき
645,ランドロス,じめん,ひこう
646,キュレム,ドラゴン,こおり
647,ケルディオ,みず,かくとう
648,メロエッタ,,
649,ゲノセクト,むし,はがね
650,ハリマロン,くさ,
651,ハリボーグ,くさ,
652,ブリガロン,くさ,かくとう
653,フォッコ,ほのお,
654,テールナー,ほのお,
655,マフォクシー,ほのお,エスパー
656,ケロマツ,みず,
657,ゲコガシラ,みず,
658,ゲッコウガ,みず,あく
659,ホルビー,ノーマル,
660,ホルード,ノーマル,じめん
661,ヤヤコマ,ノーマル,ひこう
662,ヒノヤコマ,ほのお,ひこう
663,ファイアロー,ほのお,ひこう
664,コフキムシ,むし,
665,コフーライ,むし,
666,ビビヨン,むし,ひこう
667,シシコ,ほのお,ノーマル
668,カエンジシ,ほのお,ノーマル
669,フラベベ,フェアリー,
670,フラエッテ,フェアリー,
671,フラージェス,フェアリー,
672,メェークル,くさ,
673,ゴーゴート,くさ,
674,ヤンチャム,かくとう,
675,ゴロンダ,かくとう,あく
676,トリミアン,ノーマル,
677,ニャスパー,エスパー,
678,ニャオニクス,エスパー,
679,ヒトツキ,はがね,ゴースト
680,ニダンギル,はがね,ゴースト
681,ギルガルド,はがね,ゴースト
682,シュシュプ,フェアリー,
683,フレフワン,フェアリー,
684,ペロッパフ,フェアリー,
685,ペロリーム,フェアリー,
686,マーイーカ,あく,エスパー
687,カラマネロ,あく,エスパー
688,カメテテ,いわ,みず
689,ガメノデス,いわ,みず
690,クズモー,どく,みず
691,ドラミドロ,どく,ドラゴン
692,ウデッポウ,みず,
693,ブロスター,みず,
694,エリキテル,でんき,ノーマル
695,エレザード,でんき,ノーマル
696,チゴラス,いわ,ドラゴン
697,ガチゴラス,いわ,ドラゴン
698,アマルス,いわ,こおり
699,アマルルガ,いわ,こおり
700,ニンフィア,フェアリー,
701,ルチャブル,かくとう,ひこう
702,デデンネ,でんき,フェアリー
703,メレシー,いわ,フェアリー
704,ヌメラ,ドラゴン,
705,ヌメイル,ドラゴン,
706,ヌメルゴン,ドラゴン,
707,クレッフィ,はがね,フェアリー
708,ボクレー,ゴースト,くさ
709,オーロット,ゴースト,くさ
710,バケッチャ,ゴースト,くさ
711,パンプジン,ゴースト,くさ
712,カチコール,こおり,
713,クレベース,こおり,
714,オンバット,ひこう,ドラゴン
715,オンバーン,ひこう,ドラゴン
716,ゼルネアス,フェアリー,
717,イベルタル,あく,ひこう
718,ジガルデ,ドラゴン,じめん
719,ディアンシー,いわ,フェアリー
720,フーパ,,
721,ボルケニオン,ほのお,みず
722,モクロー,くさ,ひこう
723,フクスロー,くさ,ひこう
724,ジュナイパー,くさ,ゴースト
725,ニャビー,ほのお,
726,ニャヒート,ほのお,
727,ガオガエン,ほのお,あく
728,アシマリ,みず,
729,オシャマリ,みず,
730,アシレーヌ,みず,フェアリー
731,ツツケラ,ノーマル,ひこう
732,ケララッパ,ノーマル,ひこう
733,ドデカバシ,ノーマル,ひこう
734,ヤングース,ノーマル,
735,デカグース,ノーマル,
736,アゴジムシ,むし,
737,デンヂムシ,むし,でんき
738,クワガノン,むし,でんき
739,マケンカニ,かくとう,
740,ケケンカニ,かくとう,こおり
741,オドリドリ,,
742,アブリー,むし,フェアリー
743,アブリボン,むし,フェアリー
744,イワンコ,いわ,
745,ルガルガン,いわ,
746,ヨワシ,みず,
747,ヒドイデ,どく,みず
748,ドヒドイデ,どく,みず
749,ドロバンコ,じめん,
750,バンバドロ,じめん,
751,シズクモ,みず,むし
752,オニシズクモ,みず,むし
753,カリキリ,くさ,
754,ラランテス,くさ,
755,ネマシュ,くさ,フェアリー
756,マシェード,くさ,フェアリー
757,ヤトウモリ,どく,ほのお
758,エンニュート,どく,ほのお
759,ヌイコグマ,ノーマル,かくとう
760,キテルグマ,ノーマル,かくとう
761,アマカジ,くさ,
762,アママイコ,くさ,
763,アマージョ,くさ,
764,キュワワー,フェアリー,
765,ヤレユータン,ノーマル,エスパー
766,ナゲツケサル,かくとう,
767,コソクムシ,むし,みず
768,グソクムシャ,むし,みず
769,スナバァ,ゴースト,じめん
770,シロデスナ,ゴースト,じめん
771,ナマコブシ,みず,
772,タイプ:ヌル,ノーマル,
773,シルヴァディ,ノーマル,
774,メテノ,いわ,ひこう
775,ネッコアラ,ノーマル,
776,バクガメス,ほのお,ドラゴン
777,トゲデマル,でんき,はがね
778,ミミッキュ,ゴースト,フェアリー
779,ハギギシリ,みず,エスパー
780,ジジーロン,ノーマル,ドラゴン
781,ダダリン,ゴースト,くさ
782,ジャラコ,ドラゴン,
783,ジャランゴ,ドラゴン,かくとう
784,ジャラランガ,ドラゴン,かくとう
785,カプ・コケコ,でんき,フェアリー
786,カプ・テテフ,エスパー,フェアリー
787,カプ・ブルル,くさ,フェアリー
788,カプ・レヒレ,みず,フェアリー
789,コスモッグ,エスパー,
790,コスモウム,エスパー,
791,ソルガレオ,エスパー,はがね
792,ルナアーラ,エスパー,ゴースト
793,ウツロイド,いわ,どく
794,マッシブーン,むし,かくとう
795,フェローチェ,むし,かくとう
796,デンジュモク,でんき,
797,テッカグヤ,はがね,ひこう
798,カミツルギ,くさ,はがね
799,アクジキング,あく,ドラゴン
800,ネクロズマ,エスパー,
801,マギアナ,はがね,フェアリー
802,マーシャドー,かくとう,ゴースト
803,ベベノム,どく,
804,アーゴヨン,どく,ドラゴン
805,ツンデツンデ,いわ,はがね
806,ズガドーン,ほのお,ゴースト
807,ゼラオラ,でんき,
808,メルタン,はがね,
809,メルメタル,はがね,
810,サルノリ,くさ,
811,バチンキー,くさ,
812,ゴリランダー,くさ,
813,ヒバニー,ほのお,
814,ラビフット,ほのお,
815,エースバーン,ほのお,
816,メッソン,みず,
817,ジメレオン,みず,
818,インテレオン,みず,
819,ホシガリス,ノーマル,
820,ヨクバリス,ノーマル,
821,ココガラ,ひこう,
822,アオガラス,ひこう,
823,アーマーガア,ひこう,はがね
824,サッチムシ,むし,
825,レドームシ,むし,エスパー
826,イオルブ,むし,エスパー
827,クスネ,あく,
828,フォクスライ,あく,
829,ヒメンカ,くさ,
830,ワタシラガ,くさ,
831,ウールー,ノーマル,
832,バイウールー,ノーマル,
833,カムカメ,みず,
834,カジリガメ,みず,いわ
835,ワンパチ,でんき,
836,パルスワン,でんき,
837,タンドン,いわ,
838,トロッゴン,いわ,ほのお
839,セキタンザン,いわ,ほのお
840,カジッチュ,くさ,ドラゴン
841,アップリュー,くさ,ドラゴン
842,タルップル,くさ,ドラゴン
843,スナヘビ,じめん,
844,サダイジャ,じめん,
845,ウッウ,ひこう,みず
846,サシカマス,みず,
847,カマスジョー,みず,
848,エレズン,でんき,どく
849,ストリンダー,でんき,どく
850,ヤクデ,ほのお,むし
851,マルヤクデ,ほのお,むし
852,タタッコ,かくとう,
853,オトスパス,かくとう,
854,ヤバチャ,ゴースト,
855,ポットデス,ゴースト,
856,ミブリム,エスパー,
857,テブリム,エスパー,
858,ブリムオン,エスパー,フェアリー
859,ベロバー,あく,フェアリー
860,ギモー,あく,フェアリー
861,オーロンゲ,あく,フェアリー
862,タチフサグマ,あく,ノーマル
863,ニャイキング,はがね,
864,サニゴーン,ゴースト,
865,ネギガナイト,かくとう,
866,バリコオル,こおり,エスパー
867,デスバーン,じめん,ゴースト
868,マホミル,フェアリー,
869,マホイップ,フェアリー,
870,タイレーツ,かくとう,
871,バチンウニ,でんき,
872,ユキハミ,こおり,むし
873,モスノウ,こおり,むし
874,イシヘンジン,いわ,
875,コオリッポ,こおり,
876,イエッサン,エスパー,ノーマル
877,モルペコ,でんき,あく
878,ゾウドウ,はがね,
879,ダイオウドウ,はがね,
880,パッチラゴン,でんき,ドラゴン
881,パッチルドン,でんき,こおり
882,ウオノラゴン,みず,ドラゴン
883,ウオチルドン,みず,こおり
884,ジュラルドン,はがね,ドラゴン
885,ドラメシヤ,ドラゴン,ゴースト
886,ドロンチ,ドラゴン,ゴースト
887,ドラパルト,ドラゴン,ゴースト
888,ザシアン,,
889,ザマゼンタ,,
890,ムゲンダイナ,どく,ドラゴン
891,ダクマ,かくとう,
892,ウーラオス,,
893,ザルード,あく,くさ
894,レジエレキ,でんき,
895,レジドラゴ,ドラゴン,
896,ブリザポス,こおり,
897,レイスポス,ゴースト,
898,バドレックス,エスパー,くさ
899,アヤシシ,ノーマル,エスパー
900,バサギリ,むし,いわ
901,ガチグマ,じめん,ノーマル
902,イダイトウ,みず,ゴースト
903,オオニューラ,かくとう,どく
904,ハリーマン,あく,どく
905,ラブトロス,フェアリー,ひこう
906,ニャオハ,くさ,
907,ニャローテ,くさ,
908,マスカーニャ,くさ,あく
909,ホゲータ,ほのお,
910,アチゲータ,ほのお,
911,ラウドボーン,ほのお,ゴースト
912,クワッス,みず,
913,ウェルカモ,みず,
914,ウェーニバル,みず,かくとう
915,グルトン,ノーマル,
916,パフュートン,ノーマル,
917,タマンチュラ,むし,
918,ワナイダー,むし,
919,マメバッタ,むし,
920,エクスレッグ,むし,あく
921,パモ,でんき,
922,パモット,でんき,かくとう
923,パーモット,でんき,かくとう
924,ワッカネズミ,ノーマル,
925,イッカネズミ,ノーマル,
926,パピモッチ,フェアリー,
927,バウッツェル,フェアリー,
928,ミニーブ,くさ,ノーマル
929,オリーニョ,くさ,ノーマル
930,オリーヴァ,くさ,ノーマル
931,イキリンコ,ノーマル,ひこう
932,コジオ,いわ,
933,ジオヅム,いわ,
934,キョジオーン,いわ,
935,カルボウ,ほのお,
936,グレンアルマ,ほのお,エスパー
937,ソウブレイズ,ほのお,ゴースト
938,ズピカ,でんき,
939,ハラバリー,でんき,
940,カイデン,でんき,ひこう
941,タイカイデン,でんき,ひこう
942,オラチフ,あく,
943,マフィティフ,あく,
944,シルシュルー,どく,ノーマル
945,タギングル,どく,ノーマル
946,アノクサ,くさ,ゴースト
947,アノホラグサ,くさ,ゴースト
948,ノノクラゲ,じめん,くさ
949,リククラゲ,じめん,くさ
950,ガケガニ,いわ,
951,カプサイジ,くさ,
952,スコヴィラン,くさ,ほのお
953,シガロコ,むし,
954,ベラカス,むし,エスパー
955,ヒラヒナ,エスパー,
956,クエスパトラ,エスパー,
957,カヌチャン,フェアリー,はがね
958,ナカヌチャン,フェアリー,はがね
959,デカヌチャン,フェアリー,はがね
960,ウミディグダ,みず,
961,ウミトリオ,みず,
962,オトシドリ,ひこう,あく
963,ナミイルカ,みず,
964,イルカマン,みず,
965,ブロロン,はがね,どく
966,ブロロローム,はがね,どく
967,モトトカゲ,ドラゴン,ノーマル
968,ミミズズ,はがね,
969,キラーメ,いわ,どく
970,キラフロル,いわ,どく
971,ボチ,ゴースト,
972,ハカドッグ,ゴースト,
973,カラミンゴ,ひこう,かくとう
974,アルクジラ,こおり,
975,ハルクジラ,こおり,
976,ミガルーサ,みず,エスパー
977,ヘイラッシャ,みず,
978,シャリタツ,ドラゴン,みず
979,コノヨザル,かくとう,ゴースト
980,ドオー,どく,じめん
981,リキキリン,ノーマル,エスパー
982,ノココッチ,ノーマル,
983,ドドゲザン,あく,はがね
984,イダイナキバ,じめん,かくとう
985,サケブシッポ,フェアリー,エスパー
986,アラブルタケ,くさ,あく
987,ハバタクカミ,ゴースト,フェアリー
988,チヲハウハネ,むし,かくとう
989,スナノケガワ,でんき,じめん
990,テツノワダチ,じめん,はがね
991,テツノツツミ,こおり,みず
992,テツノカイナ,かくとう,でんき
993,テツノコウベ,あく,ひこう
994,テツノドクガ,ほのお,どく
995,テツノイバラ,いわ,でんき
996,セビエ,ドラゴン,こおり
997,セゴール,ドラゴン,こおり
998,セグレイブ,ドラゴン,こおり
999,コレクレー,ゴースト,
1000,サーフゴー,はがね,ゴースト
1001,チオンジェン,あく,くさ
1002,パオジアン,あく,こおり
1003,ディンルー,あく,じめん
1004,イーユイ,あく,ほのお
1005,トドロクツキ,ドラゴン,あく
1006,テツノブジン,フェアリー,かくとう
1007,コライドン,かくとう,ドラゴン
1008,ミライドン,でんき,ドラゴン
1009,ウネルミナモ,みず,ドラゴン
1010,テツノイサハ,くさ,エスパー
1011,カミッチュ,くさ,ドラゴン
1012,チャデス,くさ,ゴースト
1013,ヤバソチャ,くさ,ゴースト
1014,イイネイヌ,どく,かくとう
1015,マシマシラ,どく,エスパー
1016,キチキギス,どく,フェアリー
1017,オーガポン,,
1018,ブリジュラス,はがね,ドラゴン
1019,カミツオロチ,くさ,ドラゴン
1020,ウガツホムラ,ほのお,ドラゴン
1021,タケルライコ,でんき,ドラゴン
1022,テツノイワオ,いわ,エスパー
1023,テツノカシラ,はがね,エスパー
1024,テラパゴス,ノーマル,
1025,モモワロウ,どく,ゴースト
